objectid,id,cancer,resp,pm25,p_pm25
71708,180973101031,28.471856995,0.411835462432,9.62216092896,83.3560391994
71709,180973101032,28.471856995,0.411835462432,9.62216092896,83.3560391994
71710,180973101033,28.471856995,0.411835462432,9.62216092896,83.3560391994
71711,180973101034,28.471856995,0.411835462432,9.62216092896,83.3560391994
71712,180973101041,29.5839894565,0.416751072751,9.64386557377,83.7424222861
71713,180973101042,29.5839894565,0.416751072751,9.64386557377,83.7424222861
71714,180973101043,29.5839894565,0.416751072751,9.64386557377,83.7424222861
71715,180973101051,29.3113296645,0.423105375725,9.66987595628,84.202677506
71716,180973101052,29.3113296645,0.423105375725,9.66987595628,84.202677506
71717,180973101061,29.4446978793,0.404820141636,9.69867622951,84.6835073523
71718,180973101062,29.4446978793,0.404820141636,9.69867622951,84.6835073523
71719,180973101081,28.1014462899,0.392451856795,9.6603204918,84.0280890932
71720,180973101082,28.1014462899,0.392451856795,9.6603204918,84.0280890932
71721,180973101101,30.0474746928,0.439343652648,9.71404180328,84.9538058377
71722,180973101102,30.0474746928,0.439343652648,9.71404180328,84.9538058377
71723,180973101111,29.1868650274,0.411522234814,9.72099016393,85.0907303989
71724,180973101112,29.1868650274,0.411522234814,9.72099016393,85.0907303989
71725,180973102011,29.0387754746,0.413934875558,9.69092650273,84.556840466
71726,180973102012,29.0387754746,0.413934875558,9.69092650273,84.556840466
71727,180973102031,29.6280833902,0.437358162238,9.70613415301,84.823257118
71728,180973102032,29.6280833902,0.437358162238,9.70613415301,84.823257118
71729,180973102033,29.6280833902,0.437358162238,9.70613415301,84.823257118
71730,180973102041,29.201408252,0.403984440707,9.74696967213,85.5111395101
71731,180973102042,29.201408252,0.403984440707,9.74696967213,85.5111395101
71732,180973102043,29.201408252,0.403984440707,9.74696967213,85.5111395101
71733,180973103051,30.0469817579,0.440002287901,9.73066038251,85.2490873724
71734,180973103052,30.0469817579,0.440002287901,9.73066038251,85.2490873724
71735,180973103053,30.0469817579,0.440002287901,9.73066038251,85.2490873724
71736,180973103061,29.6307206106,0.425256094757,9.78346530055,86.1205120806
71737,180973103062,29.6307206106,0.425256094757,9.78346530055,86.1205120806
71738,180973103063,29.6307206106,0.425256094757,9.78346530055,86.1205120806
71739,180973103081,29.9586135203,0.430182983886,9.77157622951,85.9322828357
71740,180973103082,29.9586135203,0.430182983886,9.77157622951,85.9322828357
71741,180973103091,30.065940265,0.44674382071,9.74210355191,85.4388650225
71742,180973103092,30.065940265,0.44674382071,9.74210355191,85.4388650225
71743,180973103101,29.7612388031,0.445296285418,9.72309016393,85.1254856196
71744,180973103102,29.7612388031,0.445296285418,9.72309016393,85.1254856196
71745,180973103111,30.2767033455,0.424792691705,9.80498306011,86.4978898282
71746,180973103112,30.2767033455,0.424792691705,9.80498306011,86.4978898282
71747,180973103113,30.2767033455,0.424792691705,9.80498306011,86.4978898282
71748,180973103121,31.2655794496,0.463512231225,9.76785300546,85.865985876
71749,180973103122,31.2655794496,0.463512231225,9.76785300546,85.865985876
71750,180973103123,31.2655794496,0.463512231225,9.76785300546,85.865985876
71751,180973201051,29.4521067501,0.411820905096,9.68634098361,84.4601179867
71752,180973201052,29.4521067501,0.411820905096,9.68634098361,84.4601179867
71753,180973201061,29.2050843452,0.408881867997,9.69191857923,84.5723257728
71754,180973201062,29.2050843452,0.408881867997,9.69191857923,84.5723257728
71755,180973201071,29.5145484567,0.415498731498,9.69141202186,84.5609503105
71756,180973201072,29.5145484567,0.415498731498,9.69141202186,84.5609503105
71757,180973201081,29.2131276226,0.402008805518,9.70671202186,84.8305998895
71758,180973201082,29.2131276226,0.402008805518,9.70671202186,84.8305998895
71759,180973201083,29.2131276226,0.402008805518,9.70671202186,84.8305998895
71760,180973201091,29.7294702065,0.411696382179,9.72451092896,85.1420272417
71761,180973201092,29.7294702065,0.411696382179,9.72451092896,85.1420272417
71762,180973202021,29.4483756592,0.407761478199,9.7264795082,85.1778773547
71763,180973202022,29.4483756592,0.407761478199,9.7264795082,85.1778773547
71764,180973202023,29.4483756592,0.407761478199,9.7264795082,85.1778773547
71765,180973202031,29.4508256985,0.414288808605,9.66815491803,84.1626168724
71766,180973202032,29.4508256985,0.414288808605,9.66815491803,84.1626168724
71767,180973202041,29.7844742733,0.423893205042,9.67197322404,84.2344560376
71768,180973202042,29.7844742733,0.423893205042,9.67197322404,84.2344560376
71769,180973202043,29.7844742733,0.423893205042,9.67197322404,84.2344560376
71770,180973203011,30.193855705,0.428321262709,9.71990081967,85.0686616256
71771,180973203012,30.193855705,0.428321262709,9.71990081967,85.0686616256
71772,180973203013,30.193855705,0.428321262709,9.71990081967,85.0686616256
71773,180973203031,30.4193459532,0.439119544055,9.64623852459,83.7821648959
71774,180973203032,30.4193459532,0.439119544055,9.64623852459,83.7821648959
71775,180973203041,30.2293541589,0.431840710818,9.68477568306,84.4322482608
71776,180973203042,30.2293541589,0.431840710818,9.68477568306,84.4322482608
71777,180973203043,30.2293541589,0.431840710818,9.68477568306,84.4322482608
71778,180973203044,30.2293541589,0.431840710818,9.68477568306,84.4322482608
71779,180973204001,30.0915396998,0.430306039837,9.72140245902,85.0954787998
71780,180973204002,30.0915396998,0.430306039837,9.72140245902,85.0954787998
71781,180973205001,30.3652544817,0.427180353723,9.74992404372,85.5663435906
71782,180973205002,30.3652544817,0.427180353723,9.74992404372,85.5663435906
71783,180973206001,30.1676598842,0.420925711633,9.76236147541,85.7803449851
71784,180973206002,30.1676598842,0.420925711633,9.76236147541,85.7803449851
71785,180973207001,29.438203275,0.401615404636,9.76833661202,85.8776605441
71786,180973208001,29.794778603,0.411294891446,9.74221775956,85.4398181527
71787,180973208002,29.794778603,0.411294891446,9.74221775956,85.4398181527
71788,180973208003,29.794778603,0.411294891446,9.74221775956,85.4398181527
71789,180973209011,29.442713347,0.401166455805,9.76576092896,85.8273108723
71790,180973209012,29.442713347,0.401166455805,9.76576092896,85.8273108723
71791,180973209013,29.442713347,0.401166455805,9.76576092896,85.8273108723
71792,180973209014,29.442713347,0.401166455805,9.76576092896,85.8273108723
71793,180973209021,29.2185631788,0.399416590792,9.73728306011,85.3492456993
71794,180973209022,29.2185631788,0.399416590792,9.73728306011,85.3492456993
71795,180973209031,29.1123032306,0.398034434073,9.75944590164,85.7474094619
71796,180973209032,29.1123032306,0.398034434073,9.75944590164,85.7474094619
71797,180973209033,29.1123032306,0.398034434073,9.75944590164,85.7474094619
71798,180973210011,29.4902284788,0.403547464984,9.77591010929,86.0096043025
71799,180973210012,29.4902284788,0.403547464984,9.77591010929,86.0096043025
71800,180973210021,30.6561404093,0.426560577625,9.82203879781,86.8174612838
71801,180973210022,30.6561404093,0.426560577625,9.82203879781,86.8174612838
71802,180973210023,30.6561404093,0.426560577625,9.82203879781,86.8174612838
71803,180973211001,30.1941108473,0.41764791199,9.79887704918,86.4003337128
71804,180973211002,30.1941108473,0.41764791199,9.79887704918,86.4003337128
71805,180973211003,30.1941108473,0.41764791199,9.79887704918,86.4003337128
71806,180973211004,30.1941108473,0.41764791199,9.79887704918,86.4003337128
71807,180973212001,30.0276008378,0.41678289792,9.79839562842,86.3957505965
71808,180973212002,30.0276008378,0.41678289792,9.79839562842,86.3957505965
71809,180973212003,30.0276008378,0.41678289792,9.79839562842,86.3957505965
71810,180973212004,30.0276008378,0.41678289792,9.79839562842,86.3957505965
71811,180973213001,30.3773743246,0.430331194517,9.77346639344,85.9643066282
71812,180973213002,30.3773743246,0.430331194517,9.77346639344,85.9643066282
71813,180973214001,31.1897220521,0.447699441008,9.75487896175,85.6658733973
71814,180973214002,31.1897220521,0.447699441008,9.75487896175,85.6658733973
71815,180973214003,31.1897220521,0.447699441008,9.75487896175,85.6658733973
71816,180973214004,31.1897220521,0.447699441008,9.75487896175,85.6658733973
71817,180973216001,30.9993020785,0.442949383446,9.76995874317,85.9080920228
71818,180973216002,30.9993020785,0.442949383446,9.76995874317,85.9080920228
71819,180973216003,30.9993020785,0.442949383446,9.76995874317,85.9080920228
71820,180973217001,30.4731790097,0.428275198854,9.78600027322,86.174083075
71821,180973217002,30.4731790097,0.428275198854,9.78600027322,86.174083075
71822,180973217003,30.4731790097,0.428275198854,9.78600027322,86.174083075
71823,180973217004,30.4731790097,0.428275198854,9.78600027322,86.174083075
71824,180973218001,31.0566140667,0.42687607341,9.81303005464,86.6363267269
71825,180973218002,31.0566140667,0.42687607341,9.81303005464,86.6363267269
71826,180973218003,31.0566140667,0.42687607341,9.81303005464,86.6363267269
71827,180973218004,31.0566140667,0.42687607341,9.81303005464,86.6363267269
71828,180973219001,31.1628613036,0.429081644484,9.82739016393,86.9084546325
71829,180973219002,31.1628613036,0.429081644484,9.82739016393,86.9084546325
71830,180973219003,31.1628613036,0.429081644484,9.82739016393,86.9084546325
71831,180973219004,31.1628613036,0.429081644484,9.82739016393,86.9084546325
71832,180973220001,31.9570424509,0.454163631172,9.8513773224,87.2803519603
71833,180973220002,31.9570424509,0.454163631172,9.8513773224,87.2803519603
71834,180973220003,31.9570424509,0.454163631172,9.8513773224,87.2803519603
71835,180973221001,32.8866674524,0.467271509704,9.83648852459,87.0650151172
71836,180973221002,32.8866674524,0.467271509704,9.83648852459,87.0650151172
71837,180973221003,32.8866674524,0.467271509704,9.83648852459,87.0650151172
71838,180973222001,31.0978924908,0.435020325681,9.82821448087,86.9189039371
71839,180973222002,31.0978924908,0.435020325681,9.82821448087,86.9189039371
71840,180973223001,30.5322351703,0.424052444642,9.8220295082,86.8147427146
71841,180973223002,30.5322351703,0.424052444642,9.8220295082,86.8147427146
71842,180973223003,30.5322351703,0.424052444642,9.8220295082,86.8147427146
71843,180973224001,31.2466484577,0.441771384402,9.7970863388,86.3806563898
71844,180973224002,31.2466484577,0.441771384402,9.7970863388,86.3806563898
71845,180973224003,31.2466484577,0.441771384402,9.7970863388,86.3806563898
71846,180973225001,31.3769685345,0.442558626997,9.82072814208,86.7910559096
71847,180973225002,31.3769685345,0.442558626997,9.82072814208,86.7910559096
71848,180973226001,31.372376305,0.447108371071,9.79993579235,86.4201493479
71849,180973226002,31.372376305,0.447108371071,9.79993579235,86.4201493479
71850,180973226003,31.372376305,0.447108371071,9.79993579235,86.4201493479
71851,180973226004,31.372376305,0.447108371071,9.79993579235,86.4201493479
71852,180973227001,31.1662781019,0.440895901786,9.77359371585,85.96495428
71853,180973227002,31.1662781019,0.440895901786,9.77359371585,85.96495428
71854,180973227003,31.1662781019,0.440895901786,9.77359371585,85.96495428
71855,180973301031,30.0253869035,0.434760118699,9.60988005464,83.1042252914
71856,180973301032,30.0253869035,0.434760118699,9.60988005464,83.1042252914
71857,180973301033,30.0253869035,0.434760118699,9.60988005464,83.1042252914
71858,180973301051,29.8750943457,0.422317126996,9.66082103825,84.0396715532
71859,180973301052,29.8750943457,0.422317126996,9.66082103825,84.0396715532
71860,180973301053,29.8750943457,0.422317126996,9.66082103825,84.0396715532
71861,180973301061,29.845139558,0.42884106139,9.64103251366,83.7031946614
71862,180973301062,29.845139558,0.42884106139,9.64103251366,83.7031946614
71863,180973301063,29.845139558,0.42884106139,9.64103251366,83.7031946614
71864,180973301071,28.5464140749,0.387427574355,9.61558333333,83.2483665438
71865,180973301072,28.5464140749,0.387427574355,9.61558333333,83.2483665438
71866,180973301073,28.5464140749,0.387427574355,9.61558333333,83.2483665438
71867,180973301074,28.5464140749,0.387427574355,9.61558333333,83.2483665438
71868,180973301081,28.2250505315,0.382217276425,9.54301530055,81.9278158764
71869,180973301082,28.2250505315,0.382217276425,9.54301530055,81.9278158764
71870,180973301091,28.6566576194,0.387800140614,9.58453032787,82.6392207298
71871,180973301092,28.6566576194,0.387800140614,9.58453032787,82.6392207298
71872,180973301093,28.6566576194,0.387800140614,9.58453032787,82.6392207298
71873,180973302021,28.2450176839,0.385992343994,9.58723469945,82.6989179141
71874,180973302022,28.2450176839,0.385992343994,9.58723469945,82.6989179141
71875,180973302023,28.2450176839,0.385992343994,9.58723469945,82.6989179141
71876,180973302031,27.1001816999,0.363032241012,9.48645464481,80.7528614039
71877,180973302032,27.1001816999,0.363032241012,9.48645464481,80.7528614039
71878,180973302033,27.1001816999,0.363032241012,9.48645464481,80.7528614039
71879,180973302041,28.0410657155,0.378973641085,9.57595218579,82.4802474678
71880,180973302042,28.0410657155,0.378973641085,9.57595218579,82.4802474678
71881,180973302043,28.0410657155,0.378973641085,9.57595218579,82.4802474678
71882,180973302061,26.8557439415,0.359813645306,9.46859344262,80.4053468324
71883,180973302062,26.8557439415,0.359813645306,9.46859344262,80.4053468324
71884,180973302081,27.8130576308,0.372088857637,9.52539480874,81.5499930838
71885,180973302082,27.8130576308,0.372088857637,9.52539480874,81.5499930838
71886,180973302091,27.0252576829,0.361886073695,9.52941284153,81.6383186717
71887,180973302092,27.0252576829,0.361886073695,9.52941284153,81.6383186717
71888,180973302093,27.0252576829,0.361886073695,9.52941284153,81.6383186717
71889,180973302094,27.0252576829,0.361886073695,9.52941284153,81.6383186717
71890,180973304011,29.9589047885,0.422475515545,9.69617103825,84.6484021173
71891,180973304012,29.9589047885,0.422475515545,9.69617103825,84.6484021173
71892,180973304013,29.9589047885,0.422475515545,9.69617103825,84.6484021173
71893,180973305001,30.0894035453,0.42675773299,9.73088661202,85.2544275984
71894,180973305002,30.0894035453,0.42675773299,9.73088661202,85.2544275984
71895,180973305003,30.0894035453,0.42675773299,9.73088661202,85.2544275984
71896,180973305004,30.0894035453,0.42675773299,9.73088661202,85.2544275984
71897,180973306001,29.6444519634,0.418311188186,9.68858387978,84.4903452904
71898,180973306002,29.6444519634,0.418311188186,9.68858387978,84.4903452904
71899,180973306003,29.6444519634,0.418311188186,9.68858387978,84.4903452904
71900,180973306004,29.6444519634,0.418311188186,9.68858387978,84.4903452904
71901,180973307001,29.5850239424,0.415718517769,9.64485054645,83.7608447642
71902,180973307002,29.5850239424,0.415718517769,9.64485054645,83.7608447642
71903,180973307003,29.5850239424,0.415718517769,9.64485054645,83.7608447642
71904,180973308031,29.4186151007,0.411743177833,9.64876256831,83.82924965
71905,180973308032,29.4186151007,0.411743177833,9.64876256831,83.82924965
71906,180973308033,29.4186151007,0.411743177833,9.64876256831,83.82924965
71907,180973308041,29.42296036,0.415208917453,9.64017540984,83.6874703664
71908,180973308042,29.42296036,0.415208917453,9.64017540984,83.6874703664
71909,180973308051,30.5143543765,0.442456070135,9.69470546448,84.6142992528
71910,180973308052,30.5143543765,0.442456070135,9.69470546448,84.6142992528
71911,180973308053,30.5143543765,0.442456070135,9.69470546448,84.6142992528
71912,180973308061,29.6369222066,0.421501680755,9.67408333333,84.2558486185
71913,180973308062,29.6369222066,0.421501680755,9.67408333333,84.2558486185
71914,180973309001,30.1540515018,0.427633407645,9.72653825137,85.1809453109
71915,180973309002,30.1540515018,0.427633407645,9.72653825137,85.1809453109
71916,180973309003,30.1540515018,0.427633407645,9.72653825137,85.1809453109
71917,180973309004,30.1540515018,0.427633407645,9.72653825137,85.1809453109
71918,180973310001,30.5299466995,0.433191830595,9.75199535519,85.6015905876
71919,180973310002,30.5299466995,0.433191830595,9.75199535519,85.6015905876
71920,180973310003,30.5299466995,0.433191830595,9.75199535519,85.6015905876
71921,180973310004,30.5299466995,0.433191830595,9.75199535519,85.6015905876
71922,180973310005,30.5299466995,0.433191830595,9.75199535519,85.6015905876
71923,180973401011,28.7634055484,0.406497279463,9.66518606557,84.118818363
71924,180973401012,28.7634055484,0.406497279463,9.66518606557,84.118818363
71925,180973401013,28.7634055484,0.406497279463,9.66518606557,84.118818363
71926,180973401021,29.9446515377,0.422111531373,9.71915655738,85.0471918911
71927,180973401022,29.9446515377,0.422111531373,9.71915655738,85.0471918911
71928,180973401081,30.7893110217,0.438672908093,9.7658068306,85.8312692321
71929,180973401082,30.7893110217,0.438672908093,9.7658068306,85.8312692321
71930,180973401091,30.282492076,0.423626625412,9.74670191257,85.5072896672
71931,180973401101,29.0076672629,0.409638411137,9.72646939891,85.1765742103
71932,180973401102,29.0076672629,0.409638411137,9.72646939891,85.1765742103
71933,180973401103,29.0076672629,0.409638411137,9.72646939891,85.1765742103
71934,180973401111,28.9128279014,0.403103188865,9.72830027322,85.2093027358
71935,180973401112,28.9128279014,0.403103188865,9.72830027322,85.2093027358
71936,180973401121,29.5676903884,0.408784650213,9.71059180328,84.8839177822
71937,180973401122,29.5676903884,0.408784650213,9.71059180328,84.8839177822
71938,180973401123,29.5676903884,0.408784650213,9.71059180328,84.8839177822
71939,180973401131,28.3978075084,0.39504001985,9.69384234973,84.5990482298
71940,180973401132,28.3978075084,0.39504001985,9.69384234973,84.5990482298
71941,180973401141,28.1968112219,0.387155165127,9.67663797814,84.3061067095
71942,180973401142,28.1968112219,0.387155165127,9.67663797814,84.3061067095
71943,180973402011,30.2636810452,0.436329256342,9.7717079235,85.9334824812
71944,180973402012,30.2636810452,0.436329256342,9.7717079235,85.9334824812
71945,180973402021,30.8335801035,0.440977154177,9.79301120219,86.3052781919
71946,180973402022,30.8335801035,0.440977154177,9.79301120219,86.3052781919
71947,180973402023,30.8335801035,0.440977154177,9.79301120219,86.3052781919
71948,180973403001,30.8464899093,0.436124911887,9.80535956284,86.5074615882
71949,180973403002,30.8464899093,0.436124911887,9.80535956284,86.5074615882
71950,180973403003,30.8464899093,0.436124911887,9.80535956284,86.5074615882
71951,180973403004,30.8464899093,0.436124911887,9.80535956284,86.5074615882
71952,180973403005,30.8464899093,0.436124911887,9.80535956284,86.5074615882
71953,180973404001,31.0057697823,0.436480781937,9.82944125683,86.95813313
71954,180973404002,31.0057697823,0.436480781937,9.82944125683,86.95813313
71955,180973404003,31.0057697823,0.436480781937,9.82944125683,86.95813313
71956,180973405001,30.9719152753,0.43330721444,9.84753606557,87.2356031434
71957,180973405002,30.9719152753,0.43330721444,9.84753606557,87.2356031434
71958,180973405003,30.9719152753,0.43330721444,9.84753606557,87.2356031434
71959,180973406001,31.9212970412,0.452925591338,9.86920928962,87.59464968
71960,180973406002,31.9212970412,0.452925591338,9.86920928962,87.59464968
71961,180973406003,31.9212970412,0.452925591338,9.86920928962,87.59464968
71962,180973406004,31.9212970412,0.452925591338,9.86920928962,87.59464968
71963,180973406005,31.9212970412,0.452925591338,9.86920928962,87.59464968
71964,180973407001,32.0471384297,0.454129500528,9.84169808743,87.1508476379
71965,180973407002,32.0471384297,0.454129500528,9.84169808743,87.1508476379
71966,180973407003,32.0471384297,0.454129500528,9.84169808743,87.1508476379
71967,180973408001,31.7419240766,0.44987298799,9.81685355191,86.706366267
71968,180973408002,31.7419240766,0.44987298799,9.81685355191,86.706366267
71969,180973409011,30.6740239048,0.440467045306,9.75963333333,85.7485375992
71970,180973409012,30.6740239048,0.440467045306,9.75963333333,85.7485375992
71971,180973409021,30.8046735516,0.4441674806,9.79401857923,86.3198034686
71972,180973409022,30.8046735516,0.4441674806,9.79401857923,86.3198034686
71973,180973409023,30.8046735516,0.4441674806,9.79401857923,86.3198034686
71974,180973409024,30.8046735516,0.4441674806,9.79401857923,86.3198034686
71975,180973410001,33.6795991333,0.485978534705,9.83216666667,87.0012021295
71976,180973410002,33.6795991333,0.485978534705,9.83216666667,87.0012021295
71977,180973411001,32.2737700218,0.456264586441,9.87164071038,87.6181978593
71978,180973411002,32.2737700218,0.456264586441,9.87164071038,87.6181978593
71979,180973411003,32.2737700218,0.456264586441,9.87164071038,87.6181978593
71980,180973412001,32.2782858527,0.454994028528,9.88583278689,87.8677708608
71981,180973412002,32.2782858527,0.454994028528,9.88583278689,87.8677708608
71982,180973412003,32.2782858527,0.454994028528,9.88583278689,87.8677708608
71983,180973416001,32.3720050647,0.46279638471,9.87302786885,87.6369709789
71984,180973416002,32.3720050647,0.46279638471,9.87302786885,87.6369709789
71985,180973417001,32.4033085844,0.469356900239,9.82814535519,86.9166909439
71986,180973417002,32.4033085844,0.469356900239,9.82814535519,86.9166909439
71987,180973417003,32.4033085844,0.469356900239,9.82814535519,86.9166909439
71988,180973417004,32.4033085844,0.469356900239,9.82814535519,86.9166909439
71989,180973419021,30.949450488,0.45894489288,9.73875956284,85.3782109446
71990,180973419022,30.949450488,0.45894489288,9.73875956284,85.3782109446
71991,180973419031,31.6600478724,0.466110261782,9.76863661202,85.8813943428
71992,180973419032,31.6600478724,0.466110261782,9.76863661202,85.8813943428
71993,180973419033,31.6600478724,0.466110261782,9.76863661202,85.8813943428
71994,180973419041,31.8373763875,0.464051511018,9.79364644809,86.3123901297
71995,180973420001,29.9535448376,0.437966365466,9.64746994536,83.7969749513
71996,180973420002,29.9535448376,0.437966365466,9.64746994536,83.7969749513
71997,180973421011,32.3506927655,0.492535494777,9.71579043716,84.9847927601
71998,180973421012,32.3506927655,0.492535494777,9.71579043716,84.9847927601
71999,180973422001,32.1731304704,0.492477880041,9.74151584699,85.4303295054
72000,180973422002,32.1731304704,0.492477880041,9.74151584699,85.4303295054
72001,180973422003,32.1731304704,0.492477880041,9.74151584699,85.4303295054
72002,180973423001,31.5818952503,0.456928661261,9.75065163934,85.5796820807
72003,180973423002,31.5818952503,0.456928661261,9.75065163934,85.5796820807
72004,180973423003,31.5818952503,0.456928661261,9.75065163934,85.5796820807
72005,180973424001,32.24968559,0.462636973862,9.78399262295,86.1295475285
72006,180973425001,32.3981957626,0.466143869597,9.80275956284,86.4556826917
72007,180973425002,32.3981957626,0.466143869597,9.80275956284,86.4556826917
72008,180973425003,32.3981957626,0.466143869597,9.80275956284,86.4556826917
72009,180973425004,32.3981957626,0.466143869597,9.80275956284,86.4556826917
72010,180973425005,32.3981957626,0.466143869597,9.80275956284,86.4556826917
72011,180973426001,32.9820907584,0.471169043716,9.84877513661,87.2510119237
72012,180973426002,32.9820907584,0.471169043716,9.84877513661,87.2510119237
72013,180973426003,32.9820907584,0.471169043716,9.84877513661,87.2510119237
72014,180973426004,32.9820907584,0.471169043716,9.84877513661,87.2510119237
72015,180973426005,32.9820907584,0.471169043716,9.84877513661,87.2510119237
72016,180973501001,32.125537522,0.468257668365,9.86753306011,87.554501543
72017,180973501002,32.125537522,0.468257668365,9.86753306011,87.554501543
72018,180973503001,32.4890966053,0.48177369642,9.85643387978,87.3690121944
72019,180973503002,32.4890966053,0.48177369642,9.85643387978,87.3690121944
72020,180973503003,32.4890966053,0.48177369642,9.85643387978,87.3690121944
72021,180973504001,32.0953685073,0.461082132378,9.84413469945,87.1881442253
72022,180973504002,32.0953685073,0.461082132378,9.84413469945,87.1881442253
72023,180973504003,32.0953685073,0.461082132378,9.84413469945,87.1881442253
72024,180973505001,31.7830597684,0.451588757158,9.81820136612,86.7441888167
72025,180973505002,31.7830597684,0.451588757158,9.81820136612,86.7441888167
72026,180973505003,31.7830597684,0.451588757158,9.81820136612,86.7441888167
72027,180973506001,31.3298414989,0.446785169211,9.79125027322,86.2711395733
72028,180973506002,31.3298414989,0.446785169211,9.79125027322,86.2711395733
72029,180973506003,31.3298414989,0.446785169211,9.79125027322,86.2711395733
72030,180973506004,31.3298414989,0.446785169211,9.79125027322,86.2711395733
72031,180973506005,31.3298414989,0.446785169211,9.79125027322,86.2711395733
72032,180973507001,31.7868210524,0.44942820042,9.80874644809,86.5680864983
72033,180973507002,31.7868210524,0.44942820042,9.80874644809,86.5680864983
72034,180973508001,32.1432882937,0.457343209116,9.83895382514,87.0968083896
72035,180973508002,32.1432882937,0.457343209116,9.83895382514,87.0968083896
72036,180973509001,32.2092456668,0.461607976958,9.86021311475,87.4297167672
72037,180973509002,32.2092456668,0.461607976958,9.86021311475,87.4297167672
72038,180973510001,32.4677153096,0.46386945499,9.86765191257,87.559782806
72039,180973510002,32.4677153096,0.46386945499,9.86765191257,87.559782806
72040,180973510003,32.4677153096,0.46386945499,9.86765191257,87.559782806
72041,180973512001,32.4778300165,0.469421074824,9.88701420765,87.8850623789
72042,180973512002,32.4778300165,0.469421074824,9.88701420765,87.8850623789
72043,180973515001,33.4691772796,0.495540659852,9.87486065574,87.6654541706
72044,180973515002,33.4691772796,0.495540659852,9.87486065574,87.6654541706
72045,180973515003,33.4691772796,0.495540659852,9.87486065574,87.6654541706
72046,180973516001,34.2549662338,0.486151336456,9.88747814208,87.8928044051
72047,180973516002,34.2549662338,0.486151336456,9.88747814208,87.8928044051
72048,180973517001,32.7587095316,0.464222214801,9.86171666667,87.4476051287
72049,180973517002,32.7587095316,0.464222214801,9.86171666667,87.4476051287
72050,180973517003,32.7587095316,0.464222214801,9.86171666667,87.4476051287
72051,180973519001,32.4993752616,0.461930235852,9.82582568306,86.8815872771
72052,180973519002,32.4993752616,0.461930235852,9.82582568306,86.8815872771
72053,180973519003,32.4993752616,0.461930235852,9.82582568306,86.8815872771
72054,180973521001,31.7817465007,0.451596761309,9.81149562842,86.6086533352
72055,180973521002,31.7817465007,0.451596761309,9.81149562842,86.6086533352
72056,180973521003,31.7817465007,0.451596761309,9.81149562842,86.6086533352
72057,180973523001,31.4433382073,0.444653606052,9.79051775956,86.262466685
72058,180973523002,31.4433382073,0.444653606052,9.79051775956,86.262466685
72059,180973524001,30.7349788731,0.431838336468,9.79792322404,86.3886013364
72060,180973524002,30.7349788731,0.431838336468,9.79792322404,86.3886013364
72061,180973524003,30.7349788731,0.431838336468,9.79792322404,86.3886013364
72062,180973525001,31.0675991907,0.436993838536,9.80577677596,86.513989228
72063,180973525002,31.0675991907,0.436993838536,9.80577677596,86.513989228
72064,180973525003,31.0675991907,0.436993838536,9.80577677596,86.513989228
72065,180973525004,31.0675991907,0.436993838536,9.80577677596,86.513989228
72066,180973526001,31.7422987497,0.454700647572,9.8365204918,87.0660858597
72067,180973526002,31.7422987497,0.454700647572,9.8365204918,87.0660858597
72068,180973526003,31.7422987497,0.454700647572,9.8365204918,87.0660858597
72069,180973526004,31.7422987497,0.454700647572,9.8365204918,87.0660858597
72070,180973526005,31.7422987497,0.454700647572,9.8365204918,87.0660858597
72071,180973527001,32.4710773295,0.466431192177,9.86169371585,87.4467852925
72072,180973527002,32.4710773295,0.466431192177,9.86169371585,87.4467852925
72073,180973528001,34.7664891259,0.473636969098,9.85836147541,87.3973018746
72074,180973533001,34.9173104199,0.519119806606,9.90422513661,88.1510738173
72075,180973533002,34.9173104199,0.519119806606,9.90422513661,88.1510738173
72076,180973533003,34.9173104199,0.519119806606,9.90422513661,88.1510738173
72077,180973535001,33.8739263531,0.503905152285,9.91419453552,88.3367695363
72078,180973535002,33.8739263531,0.503905152285,9.91419453552,88.3367695363
72079,180973536001,32.9685929407,0.488182526107,9.89751639344,88.0398273158
72080,180973536002,32.9685929407,0.488182526107,9.89751639344,88.0398273158
72081,180973536003,32.9685929407,0.488182526107,9.89751639344,88.0398273158
72082,180973536004,32.9685929407,0.488182526107,9.89751639344,88.0398273158
72083,180973542001,34.5990954798,0.512725738712,9.89742704918,88.0376961808
72084,180973542002,34.5990954798,0.512725738712,9.89742704918,88.0376961808
72085,180973542003,34.5990954798,0.512725738712,9.89742704918,88.0376961808
72086,180973544001,32.3981122408,0.479552427497,9.87834480874,87.7130695914
72087,180973545001,32.6850189512,0.477325887016,9.86298333333,87.4682763541
72088,180973545002,32.6850189512,0.477325887016,9.86298333333,87.4682763541
72089,180973547001,33.0728637625,0.475855279178,9.86795437158,87.570935589
72090,180973547002,33.0728637625,0.475855279178,9.86795437158,87.570935589
72091,180973548001,32.3974915125,0.470844690446,9.8487568306,87.249949963
72092,180973548002,32.3974915125,0.470844690446,9.8487568306,87.249949963
72093,180973548003,32.3974915125,0.470844690446,9.8487568306,87.249949963
72094,180973549001,32.0232719583,0.456858496943,9.8302,86.9683732415
72095,180973549002,32.0232719583,0.456858496943,9.8302,86.9683732415
72096,180973550001,32.6316755939,0.474839966287,9.84618251366,87.2154613302
72097,180973550002,32.6316755939,0.474839966287,9.84618251366,87.2154613302
72098,180973550003,32.6316755939,0.474839966287,9.84618251366,87.2154613302
72099,180973551001,32.5112584677,0.462443717123,9.81736612022,86.7135537903
72100,180973551002,32.5112584677,0.462443717123,9.81736612022,86.7135537903
72101,180973551003,32.5112584677,0.462443717123,9.81736612022,86.7135537903
72102,180973553001,30.292438955,0.419897790412,9.80913415301,86.5695615135
72103,180973553002,30.292438955,0.419897790412,9.80913415301,86.5695615135
72104,180973554001,31.1227289296,0.43062994912,9.79818196721,86.3924985378
72105,180973554002,31.1227289296,0.43062994912,9.79818196721,86.3924985378
72106,180973554003,31.1227289296,0.43062994912,9.79818196721,86.3924985378
72107,180973555001,30.3433485717,0.421075363999,9.79622322404,86.3593478625
72108,180973555002,30.3433485717,0.421075363999,9.79622322404,86.3593478625
72109,180973555003,30.3433485717,0.421075363999,9.79622322404,86.3593478625
72110,180973556001,32.8411220584,0.470902889277,9.82033224044,86.7810039778
72111,180973557001,33.3262154323,0.486642577648,9.84561557377,87.2053852486
72112,180973557002,33.3262154323,0.486642577648,9.84561557377,87.2053852486
72113,180973557003,33.3262154323,0.486642577648,9.84561557377,87.2053852486
72114,180973559001,32.2714794967,0.467093144268,9.85366803279,87.3146398681
72115,180973559002,32.2714794967,0.467093144268,9.85366803279,87.3146398681
72116,180973559003,32.2714794967,0.467093144268,9.85366803279,87.3146398681
72117,180973559004,32.2714794967,0.467093144268,9.85366803279,87.3146398681
72118,180973562001,34.6874631566,0.509911530202,9.87435218579,87.6569613075
72119,180973562002,34.6874631566,0.509911530202,9.87435218579,87.6569613075
72120,180973564001,33.2804153239,0.500700923354,9.88779781421,87.8953868577
72121,180973564002,33.2804153239,0.500700923354,9.88779781421,87.8953868577
72122,180973564003,33.2804153239,0.500700923354,9.88779781421,87.8953868577
72123,180973569001,32.6397659197,0.474556108625,9.84886967213,87.2518656323
72124,180973569002,32.6397659197,0.474556108625,9.84886967213,87.2518656323
72125,180973569003,32.6397659197,0.474556108625,9.84886967213,87.2518656323
72126,180973569004,32.6397659197,0.474556108625,9.84886967213,87.2518656323
72127,180973570001,32.4892310649,0.468275978196,9.84096967213,87.1428462374
72128,180973570002,32.4892310649,0.468275978196,9.84096967213,87.1428462374
72129,180973570003,32.4892310649,0.468275978196,9.84096967213,87.1428462374
72130,180973570004,32.4892310649,0.468275978196,9.84096967213,87.1428462374
72131,180973571001,32.632677051,0.464415297893,9.82877349727,86.9408626252
72132,180973571002,32.632677051,0.464415297893,9.82877349727,86.9408626252
72133,180973571003,32.632677051,0.464415297893,9.82877349727,86.9408626252
72134,180973571004,32.632677051,0.464415297893,9.82877349727,86.9408626252
72135,180973572001,32.1279470525,0.462579943396,9.82864836066,86.9338651634
72136,180973572002,32.1279470525,0.462579943396,9.82864836066,86.9338651634
72137,180973572003,32.1279470525,0.462579943396,9.82864836066,86.9338651634
72138,180973572004,32.1279470525,0.462579943396,9.82864836066,86.9338651634
72139,180973573001,32.0883412525,0.458243630825,9.81151639344,86.6120079518
72140,180973573002,32.0883412525,0.458243630825,9.81151639344,86.6120079518
72141,180973574001,29.9911487051,0.420107588625,9.77829617486,86.0432793718
72142,180973574002,29.9911487051,0.420107588625,9.77829617486,86.0432793718
72143,180973574003,29.9911487051,0.420107588625,9.77829617486,86.0432793718
72144,180973574004,29.9911487051,0.420107588625,9.77829617486,86.0432793718
72145,180973575001,30.2094721142,0.427033195452,9.74534535519,85.4859228042
72146,180973575002,30.2094721142,0.427033195452,9.74534535519,85.4859228042
72147,180973575003,30.2094721142,0.427033195452,9.74534535519,85.4859228042
72148,180973575004,30.2094721142,0.427033195452,9.74534535519,85.4859228042
72149,180973576001,31.5551934353,0.454167418592,9.7773931694,86.0244792798
72150,180973576002,31.5551934353,0.454167418592,9.7773931694,86.0244792798
72151,180973576003,31.5551934353,0.454167418592,9.7773931694,86.0244792798
72152,180973576004,31.5551934353,0.454167418592,9.7773931694,86.0244792798
72153,180973578001,31.2712284248,0.453164893299,9.82075245902,86.7935427042
72154,180973578002,31.2712284248,0.453164893299,9.82075245902,86.7935427042
72155,180973579001,32.2247436069,0.460308155197,9.80651120219,86.5219128476
72156,180973579002,32.2247436069,0.460308155197,9.80651120219,86.5219128476
72157,180973579003,32.2247436069,0.460308155197,9.80651120219,86.5219128476
72158,180973579004,32.2247436069,0.460308155197,9.80651120219,86.5219128476
72159,180973580001,32.1388942224,0.466715781312,9.8170147541,86.7068756067
72160,180973580002,32.1388942224,0.466715781312,9.8170147541,86.7068756067
72161,180973581001,33.1819804694,0.476216439371,9.82792486339,86.9145911722
72162,180973581002,33.1819804694,0.476216439371,9.82792486339,86.9145911722
72163,180973581003,33.1819804694,0.476216439371,9.82792486339,86.9145911722
72164,180973601011,30.166117129,0.428121920135,9.76783551913,85.8641379515
72165,180973601012,30.166117129,0.428121920135,9.76783551913,85.8641379515
72166,180973601021,30.5352856989,0.434768895419,9.76875491803,85.8821426707
72167,180973601022,30.5352856989,0.434768895419,9.76875491803,85.8821426707
72168,180973602011,30.8632419515,0.44392038907,9.7238931694,85.1335124244
72169,180973602012,30.8632419515,0.44392038907,9.7238931694,85.1335124244
72170,180973602013,30.8632419515,0.44392038907,9.7238931694,85.1335124244
72171,180973602021,30.1074517356,0.426372080871,9.69056885246,84.5406538763
72172,180973602022,30.1074517356,0.426372080871,9.69056885246,84.5406538763
72173,180973603011,31.1147846836,0.45824950406,9.6901784153,84.5254291984
72174,180973603012,31.1147846836,0.45824950406,9.6901784153,84.5254291984
72175,180973603021,30.241940011,0.429800386939,9.72613852459,85.1700098754
72176,180973603022,30.241940011,0.429800386939,9.72613852459,85.1700098754
72177,180973604011,29.4608187812,0.411942540118,9.64868606557,83.8265781257
72178,180973604012,29.4608187812,0.411942540118,9.64868606557,83.8265781257
72179,180973604013,29.4608187812,0.411942540118,9.64868606557,83.8265781257
72180,180973604021,29.3928052379,0.415930749766,9.65821803279,83.9767405009
72181,180973604041,28.0596909202,0.382338207226,9.60096256831,82.9314659853
72182,180973604042,28.0596909202,0.382338207226,9.60096256831,82.9314659853
72183,180973604043,28.0596909202,0.382338207226,9.60096256831,82.9314659853
72184,180973604051,28.822300009,0.393411383158,9.59901256831,82.9045418624
72185,180973604052,28.822300009,0.393411383158,9.59901256831,82.9045418624
72186,180973605011,27.7477720566,0.379414454032,9.58249972678,82.6066007213
72187,180973605012,27.7477720566,0.379414454032,9.58249972678,82.6066007213
72188,180973605013,27.7477720566,0.379414454032,9.58249972678,82.6066007213
72189,180973605021,28.6211569429,0.394673931367,9.64388825137,83.745066838
72190,180973605022,28.6211569429,0.394673931367,9.64388825137,83.745066838
72191,180973605023,28.6211569429,0.394673931367,9.64388825137,83.745066838
72192,180973606011,29.8383290948,0.431241211485,9.69364781421,84.5950760701
72193,180973606012,29.8383290948,0.431241211485,9.69364781421,84.5950760701
72194,180973606013,29.8383290948,0.431241211485,9.69364781421,84.5950760701
72195,180973606014,29.8383290948,0.431241211485,9.69364781421,84.5950760701
72196,180973606021,30.9589766228,0.447404262972,9.72228797814,85.1135311911
72197,180973606022,30.9589766228,0.447404262972,9.72228797814,85.1135311911
72198,180973606023,30.9589766228,0.447404262972,9.72228797814,85.1135311911
72199,180973606024,30.9589766228,0.447404262972,9.72228797814,85.1135311911
72200,180973607001,29.8391148367,0.415217826818,9.75401885246,85.6528984076
72201,180973607002,29.8391148367,0.415217826818,9.75401885246,85.6528984076
72202,180973608001,30.1760381959,0.432371170691,9.75096448087,85.586919158
72203,180973608002,30.1760381959,0.432371170691,9.75096448087,85.586919158
72204,180973609001,30.3301101746,0.428812293283,9.77639945355,86.0167033814
72205,180973609002,30.3301101746,0.428812293283,9.77639945355,86.0167033814
72206,180973609003,30.3301101746,0.428812293283,9.77639945355,86.0167033814
72207,180973609004,30.3301101746,0.428812293283,9.77639945355,86.0167033814
72208,180973609005,30.3301101746,0.428812293283,9.77639945355,86.0167033814
72209,180973610001,29.9329506339,0.415185654322,9.77814262295,86.0368818896
72210,180973610002,29.9329506339,0.415185654322,9.77814262295,86.0368818896
72211,180973611001,30.9376847809,0.431186707441,9.77622322404,86.010699822
72212,180973611002,30.9376847809,0.431186707441,9.77622322404,86.010699822
72213,180973611003,30.9376847809,0.431186707441,9.77622322404,86.010699822
72214,180973611004,30.9376847809,0.431186707441,9.77622322404,86.010699822
72215,180973612001,29.9366860709,0.420302127133,9.7635431694,85.7971484906
72216,180973612002,29.9366860709,0.420302127133,9.7635431694,85.7971484906
72217,180973612003,29.9366860709,0.420302127133,9.7635431694,85.7971484906
72218,180973613001,29.7222793084,0.420152577787,9.72844836066,85.2133997213
72219,180973613002,29.7222793084,0.420152577787,9.72844836066,85.2133997213
72220,180973613003,29.7222793084,0.420152577787,9.72844836066,85.2133997213
72221,180973614001,28.9545060912,0.406447289583,9.69724344262,84.6719901279
72222,180973614002,28.9545060912,0.406447289583,9.69724344262,84.6719901279
72223,180973614003,28.9545060912,0.406447289583,9.69724344262,84.6719901279
72224,180973614004,28.9545060912,0.406447289583,9.69724344262,84.6719901279
72225,180973614005,28.9545060912,0.406447289583,9.69724344262,84.6719901279
72226,180973616001,27.8289491999,0.377478512844,9.60370928962,82.9744593993
72227,180973616002,27.8289491999,0.377478512844,9.60370928962,82.9744593993
72228,180973702011,30.4928829997,0.441667433463,9.64775519126,83.8071463772
72229,180973702012,30.4928829997,0.441667433463,9.64775519126,83.8071463772
72230,180973702013,30.4928829997,0.441667433463,9.64775519126,83.8071463772
72231,180973702014,30.4928829997,0.441667433463,9.64775519126,83.8071463772
72232,180973702021,30.9422765919,0.435719375291,9.70429508197,84.7957483835
72233,180973702022,30.9422765919,0.435719375291,9.70429508197,84.7957483835
72234,180973702023,30.9422765919,0.435719375291,9.70429508197,84.7957483835
72235,180973702024,30.9422765919,0.435719375291,9.70429508197,84.7957483835
72236,180973703011,28.1734425926,0.39552803026,9.44337595628,79.8956398715
72237,180973703012,28.1734425926,0.39552803026,9.44337595628,79.8956398715
72238,180973703021,29.2190161915,0.413336084354,9.56624754098,82.3157056551
72239,180973703022,29.2190161915,0.413336084354,9.56624754098,82.3157056551
72240,180973703023,29.2190161915,0.413336084354,9.56624754098,82.3157056551
72241,180973801001,29.0189597733,0.397070286047,9.62019180328,83.3241534053
72242,180973801002,29.0189597733,0.397070286047,9.62019180328,83.3241534053
72243,180973801003,29.0189597733,0.397070286047,9.62019180328,83.3241534053
72244,180973802001,32.4570312502,0.472621937085,9.7564852459,85.685729491
72245,180973802002,32.4570312502,0.472621937085,9.7564852459,85.685729491
72246,180973802003,32.4570312502,0.472621937085,9.7564852459,85.685729491
72247,180973803001,31.315286687,0.454059223581,9.74783114754,85.5283535609
72248,180973803002,31.315286687,0.454059223581,9.74783114754,85.5283535609
72249,180973803003,31.315286687,0.454059223581,9.74783114754,85.5283535609
72250,180973803004,31.315286687,0.454059223581,9.74783114754,85.5283535609
72251,180973803005,31.315286687,0.454059223581,9.74783114754,85.5283535609
72252,180973804021,30.7585036782,0.448488040631,9.67044344262,84.2110803564
72253,180973804022,30.7585036782,0.448488040631,9.67044344262,84.2110803564
72254,180973804023,30.7585036782,0.448488040631,9.67044344262,84.2110803564
72255,180973804031,29.9129172898,0.427867982044,9.71117103825,84.8909111668
72256,180973804032,29.9129172898,0.427867982044,9.71117103825,84.8909111668
72257,180973804033,29.9129172898,0.427867982044,9.71117103825,84.8909111668
72258,180973804034,29.9129172898,0.427867982044,9.71117103825,84.8909111668
72259,180973804041,30.7364585677,0.44094592801,9.70536229508,84.8095482275
72260,180973804042,30.7364585677,0.44094592801,9.70536229508,84.8095482275
72261,180973804043,30.7364585677,0.44094592801,9.70536229508,84.8095482275
72262,180973805011,30.996041734,0.444984267712,9.69029590164,84.5298065716
72263,180973805012,30.996041734,0.444984267712,9.69029590164,84.5298065716
72264,180973805021,31.1735162699,0.452910920099,9.7115431694,84.8997010402
72265,180973805022,31.1735162699,0.452910920099,9.7115431694,84.8997010402
72266,180973805023,31.1735162699,0.452910920099,9.7115431694,84.8997010402
72267,180973806001,32.1610756471,0.460089834644,9.71624016393,85.0031107985
72268,180973806002,32.1610756471,0.460089834644,9.71624016393,85.0031107985
72269,180973806003,32.1610756471,0.460089834644,9.71624016393,85.0031107985
72270,180973807001,30.5823507169,0.43813703824,9.67496065574,84.2766914011
72271,180973807002,30.5823507169,0.43813703824,9.67496065574,84.2766914011
72272,180973807003,30.5823507169,0.43813703824,9.67496065574,84.2766914011
72273,180973808001,30.458965895,0.435412762498,9.66670163934,84.1362666976
72274,180973808002,30.458965895,0.435412762498,9.66670163934,84.1362666976
72275,180973808003,30.458965895,0.435412762498,9.66670163934,84.1362666976
72276,180973809011,29.7416261581,0.426878255488,9.60618224044,83.042608988
72277,180973809012,29.7416261581,0.426878255488,9.60618224044,83.042608988
72278,180973809013,29.7416261581,0.426878255488,9.60618224044,83.042608988
72279,180973809021,28.948533917,0.415947845977,9.5889647541,82.720471075
72280,180973809022,28.948533917,0.415947845977,9.5889647541,82.720471075
72281,180973809023,28.948533917,0.415947845977,9.5889647541,82.720471075
72282,180973810011,29.6777290967,0.418760303479,9.55974071038,82.2069970704
72283,180973810012,29.6777290967,0.418760303479,9.55974071038,82.2069970704
72284,180973810013,29.6777290967,0.418760303479,9.55974071038,82.2069970704
72285,180973810014,29.6777290967,0.418760303479,9.55974071038,82.2069970704
72286,180973810021,29.7734038769,0.420741897248,9.60699836066,83.0551759414
72287,180973810022,29.7734038769,0.420741897248,9.60699836066,83.0551759414
72288,180973810023,29.7734038769,0.420741897248,9.60699836066,83.0551759414
72289,180973811011,30.6149744179,0.421873859704,9.62576939891,83.4312574445
72290,180973811012,30.6149744179,0.421873859704,9.62576939891,83.4312574445
72291,180973811021,29.4080373976,0.409730267279,9.56771693989,82.3379215222
72292,180973811022,29.4080373976,0.409730267279,9.56771693989,82.3379215222
72293,180973811023,29.4080373976,0.409730267279,9.56771693989,82.3379215222
72294,180973812011,29.0653422053,0.404109549005,9.52140327869,81.4682923619
72295,180973812012,29.0653422053,0.404109549005,9.52140327869,81.4682923619
72296,180973812013,29.0653422053,0.404109549005,9.52140327869,81.4682923619
72297,180973812014,29.0653422053,0.404109549005,9.52140327869,81.4682923619
72298,180973812031,29.2420554058,0.412034519743,9.52535846995,81.5490794714
72299,180973812032,29.2420554058,0.412034519743,9.52535846995,81.5490794714
72300,180973812041,29.1509467458,0.402101129831,9.5055852459,81.1401979344
72301,180973812042,29.1509467458,0.402101129831,9.5055852459,81.1401979344
72302,180973812043,29.1509467458,0.402101129831,9.5055852459,81.1401979344
72303,180973812051,28.8746060276,0.410399296146,9.50475218579,81.1214969504
72304,180973812052,28.8746060276,0.410399296146,9.50475218579,81.1214969504
72305,180973901011,27.8366605082,0.381588535127,9.63458142077,83.5882084021
72306,180973901012,27.8366605082,0.381588535127,9.63458142077,83.5882084021
72307,180973901013,27.8366605082,0.381588535127,9.63458142077,83.5882084021
72308,180973901021,29.1456482842,0.411368184686,9.67450218579,84.2659952675
72309,180973901022,29.1456482842,0.411368184686,9.67450218579,84.2659952675
72310,180973902001,27.2196005069,0.367744049331,9.55415901639,82.0828455193
72311,180973902002,27.2196005069,0.367744049331,9.55415901639,82.0828455193
72312,180973903001,26.0255752092,0.344766809651,9.46059071038,80.2536915649
72313,180973903002,26.0255752092,0.344766809651,9.46059071038,80.2536915649
72314,180973903003,26.0255752092,0.344766809651,9.46059071038,80.2536915649
72315,180973904021,27.6684703951,0.377423253117,9.54619590164,81.9597813332
72316,180973904022,27.6684703951,0.377423253117,9.54619590164,81.9597813332
72317,180973904023,27.6684703951,0.377423253117,9.54619590164,81.9597813332
72318,180973904031,27.3429125905,0.367957371569,9.5209510929,81.4541346628
72319,180973904032,27.3429125905,0.367957371569,9.5209510929,81.4541346628
72320,180973904041,29.2267330519,0.415908678245,9.59006530055,82.7425963021
72321,180973904042,29.2267330519,0.415908678245,9.59006530055,82.7425963021
72322,180973904043,29.2267330519,0.415908678245,9.59006530055,82.7425963021
72323,180973904051,28.4082509027,0.393122333799,9.51742240437,81.3814653116
72324,180973904052,28.4082509027,0.393122333799,9.51742240437,81.3814653116
72325,180973905001,33.2044435242,0.469390955147,9.8597363388,87.4248934081
72326,180973905002,33.2044435242,0.469390955147,9.8597363388,87.4248934081
72327,180973906001,29.6350042621,0.413179192302,9.6654442623,84.1241733298
72328,180973906002,29.6350042621,0.413179192302,9.6654442623,84.1241733298
72329,180973907001,32.2223170513,0.461267422194,9.87529945355,87.6706890159
72330,180973907002,32.2223170513,0.461267422194,9.87529945355,87.6706890159
72331,180973907003,32.2223170513,0.461267422194,9.87529945355,87.6706890159
72332,180973908001,30.5384675212,0.454548589382,9.58860491803,82.7139321444
72333,180973908002,30.5384675212,0.454548589382,9.58860491803,82.7139321444
72334,180973909001,33.1530600981,0.484142031864,9.89470273224,87.9880885643
72335,180973909002,33.1530600981,0.484142031864,9.89470273224,87.9880885643
72336,180973909003,33.1530600981,0.484142031864,9.89470273224,87.9880885643
72337,180973910001,34.5899730667,0.517894902841,9.90420901639,88.1502411222
72338,180973910002,34.5899730667,0.517894902841,9.90420901639,88.1502411222
72339,180973910003,34.5899730667,0.517894902841,9.90420901639,88.1502411222
